!_(disambiguation)	Factorial	link	84
(225088)_2007_OR10	Haumea	link	54
(Do_the)_Mashed_Potatoes	Mashed_Potato_(dance)	link	16
(Ha_Ha)_Slow_Down	The_Darkside_Vol._1	link	14
(Just_Like)_Starting_Over	Billboard_Hot_100	link	16
(Nothing_But)_Flowers	Naked_(Talking_Heads_album)	link	87
(They_Long_to_Be)_Close_to_You	Richard_Carpenter_(musician)	link	32
(They_Long_to_Be)_Close_to_You	YouTube	link	23
(You_Gotta)_Fight_for_Your_Right_(To_Party!)	Cara_Quici	link	17
*_(disambiguation)	Asterisk_(disambiguation)	link	16
...And_Justice_for_All_(album)	Lady_Justice	link	154
...And_Once_Again	Amol_Palekar	link	58
...And_Then_You_Shoot_Your_Cousin	Black_Thought	link	52
...Baby_One_More_Time_(album)	Britney_Spears	link	453
...Baby_One_More_Time_Tour	...Baby_One_More_Time_(song)	link	14
...But_Seriously	Seriously,_Live!_World_Tour	link	50
...First_Do_No_Harm	Primum_non_nocere	link	39